[{"model": "sessions.session", "pk": "r4ttpjv9qjnm6e6xjgkwcsmujyu2q24n", "fields": {"session_data": ".eJxVjEEOwiAQRe_C2hBph8K4dN8zkGEGpGpoUtqV8e7apAvd_vfef6lA21rC1tISJlEXZdTpd4vEj1R3IHeqt1nzXNdlinpX9EGbHmdJz-vh_h0UauVbe8xOiBBcZ862ixm99ATCkdCIdxmFPVt0Yh0gYBwyZCA20A_Sc1LvD_BjOFg:1wRAPo:L8Z94Ju4-UOYc_-ZSMcoFm1tR0SNwCnJTQSeMIEKDAk", "expire_date": "2026-06-07T15:06:56.865Z"}}, {"model": "accounts.customuser", "fields": {"password": "pbkdf2_sha256$1200000$ncZO394hvkpn1XIijXc2JB$6sNNHKqCNkzKE25srrXlU0TcDOheDOGhiU5tR+90rp8=", "last_login": "2026-05-24T15:06:56.856Z", "is_superuser": true, "username": "admin", "first_name": "Super", "last_name": "Admin", "email": "admin@usf.org.pk", "is_staff": true, "date_joined": "2026-05-22T05:04:25.661Z", "role": "ADMIN", "is_active": true, "groups": [], "user_permissions": []}}, {"model": "accounts.customuser", "fields": {"password": "pbkdf2_sha256$1200000$nMSGXDCsaWF6PaoRx6R8Eu$pyfB05IpktC28vmIqQFBjorgJ1LnlDsj+o+eG6mwg3I=", "last_login": null, "is_superuser": false, "username": "manager", "first_name": "Khalid", "last_name": "Mehmood", "email": "manager@usf.org.pk", "is_staff": false, "date_joined": "2026-05-22T05:05:25.756Z", "role": "NGO_MANAGER", "is_active": true, "groups": [], "user_permissions": []}}, {"model": "accounts.customuser", "fields": {"password": "pbkdf2_sha256$1200000$2k6ctLfgwdIMUG00dE6vY3$Ad0eXrMCCgJXjRqCw/yB9Dt4m/WCDB3yVyyTZovRy1M=", "last_login": null, "is_superuser": false, "username": "coordinator", "first_name": "Zara", "last_name": "Fatima", "email": "coord@usf.org.pk", "is_staff": false, "date_joined": "2026-05-22T05:05:26.217Z", "role": "FIELD_COORDINATOR", "is_active": true, "groups": [], "user_permissions": []}}, {"model": "accounts.customuser", "fields": {"password": "pbkdf2_sha256$1200000$MzeZ8TskR87KOfndVLS0Mu$r+85cUCRNxlNclDh6Yf/p2zeYJ/m2bRY6LTZ6N+K2TU=", "last_login": null, "is_superuser": false, "username": "donor_view", "first_name": "HBL", "last_name": "Foundation", "email": "donor@hbl.org.pk", "is_staff": false, "date_joined": "2026-05-22T05:05:26.652Z", "role": "DONOR", "is_active": true, "groups": [], "user_permissions": []}}, {"model": "beneficiaries.district", "pk": 1, "fields": {"name": "Lasbela", "province": "BALOCHISTAN"}}, {"model": "beneficiaries.district", "pk": 2, "fields": {"name": "Thatta", "province": "SINDH"}}, {"model": "beneficiaries.district", "pk": 3, "fields": {"name": "Khuzdar", "province": "BALOCHISTAN"}}, {"model": "beneficiaries.village", "pk": 1, "fields": {"name": "Winder", "district": 1, "gps_coordinates": null, "population_estimate": 3500}}, {"model": "beneficiaries.village", "pk": 2, "fields": {"name": "Liari", "district": 1, "gps_coordinates": null, "population_estimate": 2100}}, {"model": "beneficiaries.village", "pk": 3, "fields": {"name": "Jati", "district": 2, "gps_coordinates": null, "population_estimate": 4200}}, {"model": "beneficiaries.village", "pk": 4, "fields": {"name": "Wadh", "district": 3, "gps_coordinates": null, "population_estimate": 1800}}, {"model": "beneficiaries.household", "pk": 1, "fields": {"household_code": "HH-LSE-001", "village": 1, "family_income_pkr": "15000.00", "water_source": "Hand Pump", "is_widow_headed": true}}, {"model": "beneficiaries.household", "pk": 2, "fields": {"household_code": "HH-LSE-002", "village": 2, "family_income_pkr": "22000.00", "water_source": "Borehole", "is_widow_headed": false}}, {"model": "beneficiaries.household", "pk": 3, "fields": {"household_code": "HH-THA-001", "village": 3, "family_income_pkr": "12000.00", "water_source": "River", "is_widow_headed": true}}, {"model": "beneficiaries.household", "pk": 4, "fields": {"household_code": "HH-KHZ-001", "village": 4, "family_income_pkr": "18000.00", "water_source": "Open Well", "is_widow_headed": false}}, {"model": "beneficiaries.beneficiary", "pk": 1, "fields": {"cnic": "42301-1234567-1", "first_name": "Farzana", "last_name": "Khatoon", "gender": "FEMALE", "date_of_birth": "1978-04-10", "contact_number": null, "household": 1, "is_head_of_household": true}}, {"model": "beneficiaries.beneficiary", "pk": 2, "fields": {"cnic": "54401-7654321-2", "first_name": "Muhammad", "last_name": "Ibrahim", "gender": "MALE", "date_of_birth": "1985-06-20", "contact_number": null, "household": 2, "is_head_of_household": true}}, {"model": "beneficiaries.beneficiary", "pk": 3, "fields": {"cnic": "43201-2345678-3", "first_name": "Sakina", "last_name": "Bibi", "gender": "FEMALE", "date_of_birth": "1972-11-05", "contact_number": null, "household": 3, "is_head_of_household": true}}, {"model": "beneficiaries.beneficiary", "pk": 4, "fields": {"cnic": "43101-3456789-4", "first_name": "Ahmed", "last_name": "Baloch", "gender": "MALE", "date_of_birth": "1990-03-15", "contact_number": null, "household": 4, "is_head_of_household": true}}, {"model": "beneficiaries.needsassessment", "pk": 1, "fields": {"household": 1, "assessment_date": "2026-01-15", "poverty_score": 72, "housing_condition": "Kutcha", "primary_need": "FOOD", "assessed_by": ["coordinator"], "comments": null}}, {"model": "beneficiaries.needsassessment", "pk": 2, "fields": {"household": 2, "assessment_date": "2026-01-15", "poverty_score": 72, "housing_condition": "Kutcha", "primary_need": "FOOD", "assessed_by": ["coordinator"], "comments": null}}, {"model": "beneficiaries.needsassessment", "pk": 3, "fields": {"household": 3, "assessment_date": "2026-01-15", "poverty_score": 72, "housing_condition": "Kutcha", "primary_need": "FOOD", "assessed_by": ["coordinator"], "comments": null}}, {"model": "beneficiaries.needsassessment", "pk": 4, "fields": {"household": 4, "assessment_date": "2026-01-15", "poverty_score": 72, "housing_condition": "Kutcha", "primary_need": "FOOD", "assessed_by": ["coordinator"], "comments": null}}, {"model": "donors.donor", "pk": 1, "fields": {"name": "HBL Foundation", "donor_type": "CORPORATE", "email": "hbl@hbl.org.pk", "phone": "021-32456789", "address": null}}, {"model": "donors.donor", "pk": 2, "fields": {"name": "UNDP Pakistan", "donor_type": "INTERNATIONAL", "email": "undp@undp.org", "phone": "051-2044000", "address": null}}, {"model": "donors.donation", "pk": 1, "fields": {"donor": 1, "donation_date": "2026-01-10", "amount": "500000.00", "donation_type": "CASH", "item_description": null, "remaining_balance": "300000.00"}}, {"model": "donors.donation", "pk": 2, "fields": {"donor": 2, "donation_date": "2026-02-05", "amount": "750000.00", "donation_type": "CASH", "item_description": null, "remaining_balance": "450000.00"}}, {"model": "donors.donationallocation", "pk": 1, "fields": {"donation": 1, "project": 1, "allocated_amount": "200000.00", "allocated_date": "2026-01-12"}}, {"model": "donors.donationallocation", "pk": 2, "fields": {"donation": 2, "project": 2, "allocated_amount": "300000.00", "allocated_date": "2026-02-07"}}, {"model": "projects.project", "pk": 1, "fields": {"name": "Lasbela Clean Water Drive", "budget_pkr": "200000.00", "spent_amount": "0.00", "start_date": "2026-01-01", "end_date": null, "status": "ACTIVE", "villages": [1, 2]}}, {"model": "projects.project", "pk": 2, "fields": {"name": "Thatta Food Security Program", "budget_pkr": "300000.00", "spent_amount": "0.00", "start_date": "2026-02-01", "end_date": null, "status": "ACTIVE", "villages": [3]}}, {"model": "volunteers.volunteer", "pk": 1, "fields": {"first_name": "Ali", "last_name": "Hassan", "cnic": "54401-1111111-1", "contact_number": "0312-1234567", "email": "ali.hassan@usf.org.pk", "status": "AVAILABLE"}}, {"model": "volunteers.skill", "pk": 1, "fields": {"name": "Medical Aid", "description": "First aid and basic healthcare"}}, {"model": "volunteers.skill", "pk": 2, "fields": {"name": "Aid Distribution", "description": "Field distribution coordination"}}, {"model": "volunteers.volunteerskill", "pk": 1, "fields": {"volunteer": 1, "skill": 2}}, {"model": "volunteers.volunteerassignment", "pk": 1, "fields": {"volunteer": 1, "project": 1, "village": 1, "start_date": "2026-01-15", "end_date": null, "role_description": "Distribution Lead"}}, {"model": "inventory.inventory", "pk": 1, "fields": {"item_name": "Wheat Flour 10kg", "item_type": "FOOD", "quantity_available": 195, "unit": "Bag", "reorder_level": 20}}, {"model": "inventory.inventory", "pk": 2, "fields": {"item_name": "Portable Water Filter", "item_type": "WATER_EQUIPMENT", "quantity_available": 50, "unit": "Unit", "reorder_level": 5}}, {"model": "inventory.inventorytransaction", "pk": 1, "fields": {"inventory": 1, "transaction_type": "INFLOW", "quantity": 200, "transaction_date": "2026-05-22T05:05:27.321Z", "project": 1, "user": ["manager"], "comments": "Initial stock purchase"}}, {"model": "inventory.aiddistribution", "pk": 1, "fields": {"household": 1, "inventory": 1, "project": 1, "quantity_distributed": 5, "distribution_date": "2026-03-01", "distributed_by_volunteer": 1, "logged_by_user": ["manager"]}}]
